<assembly>
  <id>dist</id>
  <formats>
    <format>tar.gz</format>
    <format>zip</format>
  </formats>
  <includeBaseDirectory>false</includeBaseDirectory>
  <dependencySets>
  	<dependencySet>
  		<outputDirectory>/lib</outputDirectory>
  		<includes>
  			<include>org.apache.lucene:lucene-core</include>
  		</includes>
  	</dependencySet>
  </dependencySets>
  <fileSets>
    <fileSet>
      <includes>
        <include>LICENSE*</include>
      </includes>
    </fileSet>
    <fileSet>
      <directory>target</directory>
      <outputDirectory>lib</outputDirectory>
      <includes>
        <include>*.jar</include>
      </includes>
    </fileSet>
    <fileSet>
      <directory>src/main/bin</directory>
      <outputDirectory>bin</outputDirectory>
      <includes>
        <include>*</include>
      </includes>
    </fileSet>
    <fileSet>
        <directory>src/main/conf/jobs</directory>
        <outputDirectory>/jobs</outputDirectory>
    </fileSet>
  </fileSets>
</assembly>