<?xml version="1.0" encoding="ISO-8859-1"?>
<project name="DeDuplicator">
    <skin>
    	<groupId>org.apache.maven.skins</groupId>
        <artifactId>maven-default-skin</artifactId>
    	<version>1.0</version>
	</skin>

  <bannerLeft>
  	<name>DeDuplicator</name>
	<src>images/dedup.png</src>
    <href>http://vefsofnun.bok.hi.is/deduplicator</href>
  </bannerLeft>
  <bannerRight>
    <name>National and University Library of Iceland</name>
	<src>images/lbs.gif</src>
    <href>http://landsbokasafn.is</href>
  </bannerRight>
  
  <poweredBy>
  	<logo
  		name="SourceForge.net Logo"
  		href="http://sourceforge.net"
  		img="http://sflogo.sourceforge.net/sflogo.php?group_id=181565&amp;type=1"/>
  	<logo
  		name="Lucene Logo"
  		href="http://lucene.apache.org"
  		img="images/lucene.jpg"/>
	<logo 
		name="Build with Maven 2" 
		href="http://maven.apache.org/"
        img="images/logos/maven-feather.png"/>
  </poweredBy>
  		
  <publishDate format="MMMM d, yyyy"/>
  
  <body>
    <links>
      <item name="Heritrix" href="http://crawler.archive.org/" />
      <item name="Lucene" href="http://lucene.apache.org/" />
      <item name="SourceForge" href="http://sourceforge.net/projects/deduplicator/" />
    </links>

    <menu name="DeDuplicator">
      <item name="Welcome" href="index.html"/>
      <item name="FAQ" href="faq.html"/>
      <item name="Releases" href="release.html"/>
      <item name="License" href="license.html"/>
      <item name="Getting started" href="started.html"/>
      <item name="Javadoc" href="apidocs/index.html"/>
    </menu>
    <menu ref="reports" />
  </body>
</project>
